,National Price,First Difference,Original Variance,Lag 1,Lag 4,Lag 13,Lag 52,lower National Price,upper National Price
2010-02-19,6130.76,,,,,,,-742.703849624,742.703849624
2010-02-26,6150.95,20.19,,,,,,5605.56927073,6657.44968651
2010-03-05,6146.05,-4.9,,20.19,,,,5625.01453917,6676.89493937
2010-03-12,6052.61,-93.44,,-4.9,,,,5620.10860421,6671.9890044
2010-03-19,6033.04,-19.57,,-93.44,,,,5526.6470211,6578.5274213
2010-03-26,5999.59,-33.45,,-19.57,20.19,,,5507.09503462,6558.97543482
2010-04-02,5979.02,-20.57,,-33.45,-4.9,,,5473.64164652,6525.52204672
2010-04-09,5965.06,-13.96,,-20.57,-93.44,,,5453.07478727,6504.95518747
2010-04-16,5887.1,-77.96,,-13.96,-19.57,,,5439.11639791,6490.99679811
2010-04-23,5779.33,-107.77,,-77.96,-33.45,,,5361.1407954,6413.0211956
2010-04-30,5752.47,-26.86,,-107.77,-20.57,,,5253.36353203,6305.24393223
2010-05-07,5739.29,-13.18,,-26.86,-13.96,,,5226.52325829,6278.40365849
2010-05-14,5661.81,-77.48,,-13.18,-77.96,,,5213.34658844,6265.22698863
2010-05-21,5620.14,-41.67,,-77.48,-107.77,,,5135.85091237,6187.73131257
2010-05-28,5533.2,-86.94,,-41.67,-26.86,20.19,,5094.18964607,6146.07004626
2010-06-04,5374.69,-158.51,66010.8306524,-86.94,-13.18,-4.9,,5007.23860788,6059.11900807
2010-06-11,5426.49,51.8,60214.280492,-158.51,-77.48,-93.44,,4848.71116301,5900.59156321
2010-06-18,5322.56,-103.93,52683.1442326,51.8,-41.67,-19.57,,4900.56243728,5952.44283748
2010-06-25,5336.54,13.98,44625.8736971,-103.93,-86.94,-33.45,,4796.59446045,5848.47486064
2010-07-02,5375.61,39.07,39035.5242409,13.98,-158.51,-20.57,,4810.60321417,5862.48361436
2010-07-09,5386.56,10.95,33721.692212,39.07,51.8,-13.96,,4849.67932368,5901.55972387
2010-07-16,5439.9,53.34,28924.7902585,10.95,-103.93,-77.96,,4860.62246701,5912.5028672
2010-07-23,5557.73,117.83,24673.8356648,53.34,13.98,-107.77,,4913.97280264,5965.85320284
2010-07-30,5640.96,83.23,20286.0362378,117.83,39.07,-26.86,,5031.81852169,6083.69892189
2010-08-06,5595.18,-45.78,17737.710274,83.23,10.95,-13.18,,5115.04008297,6166.92048316
2010-08-13,5713.05,117.87,17633.1041885,-45.78,53.34,-77.48,,5069.22863457,6121.10903476
2010-08-20,5670.74,-42.31,17307.0844386,117.87,117.83,-41.67,,5187.13853734,6239.01893753
2010-08-27,5705.4,34.66,18876.1637582,-42.31,83.23,-86.94,,5144.78947844,6196.66987863
2010-09-03,5613.96,-91.44,21689.5195857,34.66,-45.78,-158.51,,5179.46825194,6231.34865213
2010-09-10,5634.73,20.77,28329.9092351,-91.44,117.87,51.8,,5087.99750632,6139.87790651
2010-09-17,5559.34,-75.39,35275.5084792,20.77,-42.31,-103.93,,5108.79486871,6160.67526891
2010-09-24,5617.79,58.45,38876.3894947,-75.39,34.66,13.98,,5033.38141986,6085.26182006
2010-10-01,5665.56,47.77,45982.0273661,58.45,-91.44,39.07,,5091.8640535,6143.7444537
2010-10-08,5683.04,17.48,49679.9020299,47.77,20.77,10.95,,5139.63144195,6191.51184214
2010-10-15,5691.7,8.66,47864.7645564,17.48,-75.39,53.34,,5157.10405839,6208.98445859
2010-10-22,5657.24,-34.46,46751.5075145,8.66,58.45,117.83,,5165.76191003,6217.64231022
2010-10-29,5710.89,53.65,43610.1998355,-34.46,47.77,83.23,,5131.29139862,6183.17179882
2010-11-05,5651.49,-59.4,41324.2763689,53.65,17.48,-45.78,,5184.96288091,6236.84328111
2010-11-12,5698.27,46.78,40498.985099,-59.4,8.66,117.87,,5125.535316,6177.41571619
2010-11-19,5770.97,72.7,40047.048001,46.78,-34.46,-42.31,,5172.34120761,6224.2216078
2010-11-26,5719.39,-51.58,38383.248653,72.7,53.65,34.66,,5245.04752015,6296.92792035
2010-12-03,5852.25,132.86,37894.2711551,-51.58,-59.4,-91.44,,5193.43722125,6245.31762145
2010-12-10,5892.31,40.06,36814.1616051,132.86,46.78,20.77,,5326.34219199,6378.22259218
2010-12-17,6050.01,157.7,36120.7820924,40.06,72.7,-75.39,,5366.37955796,6418.25995815
2010-12-24,6086.06,36.05,34390.6770461,157.7,-51.58,58.45,,5524.10824211,6575.98864231
2010-12-31,,,,,,,,5560.12857891,6612.00897911
2011-01-07,6071.72,-14.34,33423.1919068,36.05,132.86,47.77,,5545.77630191,6597.65670211
2011-01-14,6189.0,117.28,32370.2105909,-14.34,40.06,17.48,,5663.08839163,6714.96879183
2011-01-21,6199.61,10.61,32538.5245082,117.28,157.7,8.66,,5673.67237947,6725.55277967
2011-01-28,6041.41,-158.2,34388.4851609,10.61,36.05,-34.46,,5515.43123279,6567.31163299
2011-02-04,6077.96,36.55,39435.0908276,-158.2,-14.34,53.65,,5552.02871958,6603.90911977
2011-02-11,6011.43,-66.53,47591.5782464,36.55,117.28,-59.4,,5485.1292909,6537.00968778
2011-02-18,6032.62,21.19,54671.4743845,-66.53,10.61,46.78,,8726.2072476,9471.2617266
2011-02-25,6008.29,-24.33,61094.3779771,21.19,-158.2,72.7,,5986.73755845,6067.11648519
2011-03-04,5963.28,-45.01,68686.8570189,-24.33,36.55,-51.58,20.19,5915.59587779,5995.90550914
2011-03-11,5925.32,-37.96,76932.10115,-45.01,-66.53,132.86,-4.9,5790.70951856,5871.01902915
2011-03-18,5890.71,-34.61,86916.0514892,-37.96,21.19,40.06,-93.44,5833.54869544,5913.85820583
2011-03-25,5851.31,-39.4,94316.9839306,-34.61,-24.33,157.7,-19.57,5776.86518731,5857.1746977
2011-04-01,5813.2,-38.11,100865.550287,-39.4,-45.01,36.05,-33.45,5752.37644804,5832.68595842
2011-04-08,5762.93,-50.27,103168.046099,-38.11,-37.96,-14.34,-20.57,5707.62877909,5787.93828947
2011-04-15,5709.09,-53.84,100283.359593,-50.27,-34.61,117.28,-13.96,5589.58397887,5669.89348926
2011-04-22,5614.72,-94.37,95315.399692,-53.84,-39.4,10.61,-77.96,5466.46986357,5546.77937395
2011-04-29,5608.05,-6.67,90797.9094097,-94.37,-38.11,-158.2,-107.77,5545.35223621,5625.66174659
2011-05-06,5558.13,-49.92,82925.8806047,-6.67,-50.27,36.55,-26.86,5503.6998989,5584.00940929
2011-05-13,5435.94,-122.19,75680.7740345,-49.92,-53.84,-66.53,-13.18,5314.01740434,5394.32691472
2011-05-20,5335.46,-100.48,73850.7877306,-122.19,-94.37,21.19,-77.48,5252.98503444,5333.29454482
2011-05-27,5347.93,12.47,73661.5509972,-100.48,-6.67,-24.33,-41.67,5223.37685196,5303.68636235
2011-06-03,5377.67,29.74,73236.2309789,12.47,-49.92,-45.01,-86.94,5184.196475,5264.50598539
2011-06-10,5316.5,-61.17,73261.2435564,29.74,-122.19,-37.96,-158.51,5331.87945191,5412.18896229
2011-06-17,5300.88,-15.62,74281.5956478,-61.17,-100.48,-34.61,51.8,5154.09836319,5234.40787357
2011-06-24,5246.8,-54.08,74811.0524585,-15.62,12.47,-39.4,-103.93,5222.78727457,5303.09678496
2011-07-01,5303.43,56.63,76926.3539068,-54.08,29.74,-38.11,13.98,5303.92654346,5384.23605384
2011-07-08,5306.51,3.08,79909.3652282,56.63,-61.17,-50.27,39.07,5275.69803068,5356.00754107
2011-07-15,5434.99,128.48,83345.078762,3.08,-15.62,-53.84,10.95,5452.98801817,5533.29752855
2011-07-22,5563.97,128.98,87872.2227926,128.48,-54.08,-94.37,53.34,5644.26817294,5724.57768333
2011-07-29,5694.14,130.17,93917.8052644,128.98,56.63,-6.67,117.83,5737.38893625,5817.69844664
2011-08-05,5798.88,104.74,101105.350957,130.17,3.08,-49.92,83.23,5713.93591523,5794.24542562
2011-08-12,5845.51,46.63,109113.70342,104.74,128.48,-122.19,-45.78,5926.7323707,6007.04188109
2011-08-19,5930.44,84.93,117485.698694,46.63,128.98,-100.48,117.87,5846.55115918,5926.86066957
2011-08-26,5961.63,31.19,123870.053393,84.93,130.17,12.47,-42.31,5959.18288678,6039.49239716
2011-09-02,6071.22,109.59,126620.029613,31.19,104.74,29.74,34.66,5942.86334474,6023.17285513
2011-09-09,5993.03,-78.19,127576.703351,109.59,46.63,-61.17,-91.44,5974.02557306,6054.33508345
2011-09-16,6033.61,40.58,128931.790383,-78.19,84.93,-15.62,20.77,5919.06945999,5999.37897038
2011-09-23,6049.24,15.63,124415.943351,40.58,31.19,-54.08,-75.39,6071.13666766,6151.44617804
2011-09-30,5988.27,-60.97,113934.318874,15.63,109.59,56.63,58.45,5990.61597862,6070.92548901
2011-10-07,6025.9,37.63,100236.498689,-60.97,-78.19,3.08,47.77,6002.96907737,6083.27858776
2011-10-14,6039.67,13.77,81747.4203757,37.63,40.58,128.48,17.48,6008.00980019,6088.31931057
2011-10-21,6039.37,-0.3,64894.2351651,13.77,15.63,128.98,8.66,5964.47396195,6044.78347233
2011-10-28,6071.27,31.9,47352.9850869,-0.3,-60.97,130.17,-34.46,6087.41183408,6167.72134446
2011-11-04,6121.85,50.58,36128.450619,31.9,37.63,104.74,53.65,6022.20496091,6102.5144713
2011-11-11,6168.35,46.5,31302.4057844,50.58,13.77,46.63,-59.4,6179.26994553,6259.57945592
2011-11-18,6225.04,56.69,31958.7515826,46.5,-0.3,84.93,46.78,6257.62457296,6337.93408334
2011-11-25,6263.69,38.65,37111.9420213,56.69,31.9,31.19,72.7,6170.64870471,6250.95821509
2011-12-02,6254.31,-9.38,45301.9881972,38.65,50.58,109.59,-51.58,6348.4748372,6428.78434758
2011-12-09,6258.16,3.85,58031.5622806,-9.38,46.5,-78.19,132.86,6252.48216013,6332.79167051
2011-12-16,6350.22,92.06,71628.0987817,3.85,56.69,40.58,40.06,6469.7358301,6550.04534049
2011-12-23,6416.63,66.41,86546.1571995,92.06,38.65,15.63,157.7,6408.52161349,6488.83112388
2011-12-30,,,,,,,,6206.41636427,6286.72587465
2012-01-06,6268.41,-148.22,102139.292529,66.41,-9.38,-60.97,36.05,6259.71115668,6340.02066707
2012-01-13,6185.45,-82.96,120811.250075,-148.22,3.85,37.63,-14.34,6088.95917044,6169.26868082
2012-01-20,6125.79,-59.66,143699.06217,-82.96,92.06,13.77,117.28,5832.42011583,5912.72962622
2012-01-27,6034.31,-91.48,163694.003477,-59.66,66.41,-0.3,10.61,5947.32312336,6027.63263375
2012-02-03,5947.86,-86.45,183883.097511,-91.48,-148.22,31.9,-158.2,5822.41222764,5902.72173802
2012-02-10,5931.27,-16.59,200935.07783,-86.45,-82.96,50.58,36.55,5813.18774893,5893.49717405
2012-02-17,5832.76,-98.51,211605.817324,-16.59,-59.66,46.5,-66.53,5686.75759541,5767.00342912
2012-02-24,5738.28,-94.48,220339.477639,-98.51,-91.48,56.69,21.19,5616.01282226,5687.39253612
2012-03-02,5668.67,-69.61,224819.195686,-94.48,-86.45,38.65,-24.33,5528.51750778,5599.88420099
2012-03-09,5589.54,-79.13,225337.614012,-69.61,-16.59,-9.38,-45.01,5417.42038409,5488.78705459
2012-03-16,5516.64,-72.9,220288.440844,-79.13,-98.51,3.85,-37.96,5345.06917043,5416.43584088
2012-03-23,5412.69,-103.95,210254.100033,-72.9,-94.48,92.06,-34.61,5308.33187574,5379.6985462
2012-03-30,5379.97,-32.72,198007.324768,-103.95,-69.61,66.41,-39.4,5251.49380585,5322.86047631
2012-04-06,5324.57,-55.4,182341.475141,-32.72,-79.13,-148.22,-38.11,5219.31453076,5290.68120122
2012-04-13,5290.34,-34.23,159466.738653,-55.4,-72.9,-82.96,-50.27,5070.81930732,5142.18597778
2012-04-20,5195.7,-94.64,131075.14639,-34.23,-103.95,-59.66,-53.84,4990.96085776,5062.32752822
2012-04-27,5080.75,-114.95,110608.432982,-94.64,-32.72,-91.48,-94.37,5035.65827079,5107.02494125
2012-05-04,5107.25,26.5,94344.2739155,-114.95,-55.4,-86.45,-6.67,4951.85546996,5023.22214041
2012-05-11,5060.04,-47.21,80519.0315964,26.5,-34.23,-16.59,-49.92,4953.50053114,5024.86720159
2012-05-18,5075.32,15.28,71360.0979972,-47.21,-94.64,-98.51,-122.19,5130.50390427,5201.87057473
2012-05-25,5170.97,95.65,67297.7664672,15.28,-114.95,-94.48,-100.48,5098.73595294,5170.1026234
2012-06-01,5158.55,-12.42,64381.4286713,95.65,26.5,-69.61,12.47,5045.82005467,5117.18672513
2012-06-08,5185.13,26.58,65522.3166971,-12.42,-47.21,-79.13,29.74,5182.78713018,5254.15380064
2012-06-15,5198.26,13.13,69828.2889857,26.58,15.28,-72.9,-61.17,5129.03115537,5200.39782583
2012-06-22,5240.67,42.41,76115.6566892,13.13,95.65,-103.95,-15.62,5291.59907969,5362.96575015
2012-06-29,5285.25,44.58,83394.5049357,42.41,-12.42,-32.72,-54.08,5291.76849906,5363.13516952
2012-07-06,5308.65,23.4,93300.0455757,44.58,26.58,-55.4,56.63,5437.343463,5508.71013346
2012-07-13,5395.77,87.12,100565.675176,23.4,13.13,-34.23,3.08,5560.6513706,5632.01804106
2012-07-20,5501.05,105.28,108068.955217,87.12,42.41,-94.64,128.48,5660.75470016,5732.12137061
2012-07-27,5573.07,72.02,113820.465835,105.28,44.58,-114.95,128.98,5695.37471885,5766.74138931
2012-08-03,5638.73,65.66,119474.073479,72.02,23.4,26.5,130.17,5652.81704515,5724.1837156
2012-08-10,5686.2,47.47,120825.086872,65.66,87.12,-47.21,104.74,5754.34599517,5825.71266563
2012-08-17,5690.03,3.83,117350.10063,47.47,105.28,15.28,46.63,5699.86383635,5771.23050681
2012-08-24,5740.2,50.17,114380.941514,3.83,72.02,95.65,84.93,5861.08793708,5932.45460754
2012-08-31,5818.23,78.03,107326.487441,50.17,65.66,-12.42,31.19,5717.16550545,5788.53217591
2012-09-07,5839.42,21.19,99187.6724069,78.03,47.47,26.58,109.59,5872.12642245,5943.49309291
2012-09-14,5871.41,31.99,93532.1936317,21.19,3.83,13.13,-78.19,5835.81674091,5907.18341137
2012-09-21,5898.05,26.64,85569.6383913,31.99,50.17,42.41,40.58,5881.65239945,5953.0190699
2012-09-28,5921.37,23.32,76419.2313633,26.64,78.03,44.58,15.63,5932.90179765,6004.26846811
2012-10-05,5925.99,4.62,64856.06868,23.32,21.19,23.4,-60.97,5977.83049471,6049.19716517
2012-10-12,5996.88,70.89,53404.7957909,4.62,31.99,87.12,37.63,5902.54609975,5973.91277021
2012-10-19,5937.59,-59.29,42521.8171476,70.89,26.64,105.28,13.77,5940.23873261,6011.60540307
2012-10-26,5973.05,35.46,31594.848504,-59.29,23.32,72.02,-0.3,5979.35987212,6050.72654258
2012-11-02,5963.63,-9.42,23190.0485476,35.46,4.62,65.66,31.9,5971.94567544,6043.3123459
2012-11-09,6009.98,46.35,17578.2216309,-9.42,70.89,47.47,50.58,5992.07829285,6063.44496331
2012-11-16,5976.97,-33.01,13525.5419775,46.35,-59.29,3.83,46.5,6003.61602434,6074.9826948
2012-11-23,5986.79,9.82,10673.5608875,-33.01,35.46,50.17,56.69,5976.20729695,6047.57396741
2012-11-30,6040.57,53.78,8495.39839126,9.82,-9.42,78.03,38.65,6061.65676357,6133.02343403
2012-12-07,6033.42,-7.15,6379.97710816,53.78,46.35,21.19,-9.38,6082.00729828,6153.37396873
2012-12-14,6051.52,18.1,5037.19043172,-7.15,-33.01,31.99,3.85,6151.03895347,6222.40562392
2012-12-21,6080.09,28.57,4394.56555678,18.1,9.82,26.64,92.06,5981.33537384,6052.7020443
2012-12-28,,,,,,,,5981.81485114,6053.1815216
2013-01-04,6084.79,4.7,3948.58618575,28.57,53.78,23.32,66.41,5967.15511731,6038.52178776
2013-01-11,6066.8,-17.99,3878.79591368,4.7,-7.15,4.62,-148.22,5865.51439756,5936.88106802
2013-01-18,5982.71,-84.09,3793.04189471,-17.99,18.1,70.89,-82.96,5768.3271557,5839.69382616
2013-01-25,5948.02,-34.69,3759.7914654,-84.09,28.57,-59.29,-59.66,5857.53570767,5928.90237813
2013-02-01,5922.38,-25.64,3713.62181023,-34.69,4.7,35.46,-91.48,5770.75590937,5842.12257983
2013-02-08,5882.14,-40.24,3688.10031781,-25.64,-17.99,-9.42,-86.45,5833.99136731,5905.3580174
2013-02-15,5890.28,8.14,3667.94601161,-40.24,-84.09,46.35,-16.59,5878.46389449,5949.8144574
2013-02-22,5906.48,16.2,3671.93734586,8.14,-34.69,-33.01,-98.51,5897.3870115,5966.16511293
2013-03-01,5951.02,44.54,3677.65549471,16.2,-25.64,9.82,-94.48,5835.48584042,5904.25968579
2013-03-08,5971.36,20.34,3628.04390069,44.54,-40.24,53.78,-69.61,5769.11488189,5837.88871984
2013-03-15,5914.29,-57.07,3671.58795506,20.34,8.14,-7.15,-79.13,5813.89138199,5882.66521993
2013-03-22,5882.24,-32.05,3812.93720506,-57.07,16.2,18.1,-72.9,5866.44052396,5935.2143619
2013-03-29,5876.51,-5.73,3868.99716379,-32.05,44.54,28.57,-103.95,5853.08624874,5921.86008668
2013-04-05,5941.01,64.5,4303.28980931,-5.73,20.34,4.7,-32.72,5788.87148508,5857.64532301
2013-04-12,5922.18,-18.83,4742.7012723,64.5,-57.07,-17.99,-55.4,5793.74902633,5862.52286427
2013-04-19,5883.6,-38.58,5442.94027368,-18.83,-32.05,-84.09,-34.23,5886.21396717,5954.9878051
2013-04-26,5922.5,38.9,6511.55528609,-38.58,-5.73,-34.69,-94.64,5890.26355561,5959.03739355
2013-05-03,5935.92,13.42,7852.66923092,38.9,64.5,-25.64,-114.95,5871.97294616,5940.7467841
2013-05-10,5965.37,29.45,9408.26230862,13.42,-18.83,-40.24,26.5,5915.29205958,5984.06589752
2013-05-17,5941.24,-24.13,11841.2562093,29.45,-38.58,8.14,-47.21,5899.26257828,5968.03641622
2013-05-24,5959.81,18.57,14078.0028644,-24.13,38.9,16.2,15.28,5939.11109451,6007.88493244
2013-05-31,5946.19,-13.62,16847.1422006,18.57,13.42,44.54,95.65,5902.02924438,5970.80308232
2013-06-07,5974.56,28.37,18854.3794464,-13.62,29.45,20.34,-12.42,5995.15754955,6063.93138749
2013-06-14,5991.76,17.2,19626.5668326,28.37,-24.13,-57.07,26.58,5970.55199052,6039.32582845
2013-06-21,6000.24,8.48,20954.4959426,17.2,18.57,-32.05,13.13,6049.31424609,6118.08808402
2013-06-28,6031.04,30.8,21693.303584,8.48,-13.62,-5.73,42.41,6110.22171884,6178.99555678
2013-07-05,6050.48,19.44,22955.2108833,30.8,28.37,64.5,44.58,6159.27648249,6228.05032042
2013-07-12,6096.3,45.82,23693.522784,19.44,17.2,-18.83,23.4,6198.27198273,6267.04582067
2013-07-19,6107.9,11.6,23865.8467564,45.82,8.48,-38.58,87.12,6244.15741235,6312.93125028
2013-07-26,6149.61,41.71,24360.0631057,11.6,30.8,38.9,105.28,6229.70759581,6298.48143375
2013-08-02,6180.87,31.26,24195.9737137,41.71,19.44,13.42,72.02,6159.9559193,6228.72975723
2013-08-09,6192.68,11.81,23066.6034654,31.26,45.82,29.45,65.66,6305.842724,6374.61656194
2013-08-16,6193.27,0.59,22875.5249609,11.81,11.6,-24.13,47.47,6260.48403417,6329.2578721
2013-08-23,6258.4,65.13,23145.3256599,0.59,41.71,18.57,3.83,6345.48347098,6414.25730891
2013-08-30,6266.85,8.45,23562.6480286,65.13,31.26,-13.62,50.17,6232.53656229,6301.31040022
2013-09-06,6325.99,59.14,24478.5021982,8.45,11.81,28.37,78.03,6235.2408615,6304.01469943
2013-09-13,6305.69,-20.3,25682.8323128,59.14,0.59,17.2,21.19,6231.9633022,6300.73714014
2013-09-20,6241.26,-64.43,26060.13863,-20.3,65.13,8.48,31.99,6195.29452439,6264.06836232
2013-09-27,6271.75,30.49,25841.4419817,-64.43,8.45,30.8,26.64,6343.80428437,6412.5781223
2013-10-04,6232.72,-39.03,25748.2173903,30.49,59.14,19.44,23.32,6285.98869949,6354.76253743
2013-10-11,6320.21,87.49,25444.3317903,-39.03,-20.3,45.82,4.62,6321.32370128,6390.09753922
2013-10-18,6337.82,17.61,24405.9969293,87.49,-64.43,11.6,70.89,6289.2854319,6358.05926984
2013-10-25,6337.95,0.13,23313.038053,17.61,30.49,41.71,-59.29,6339.42296427,6408.19680221
2013-11-01,6327.94,-10.01,23377.1021085,0.13,-39.03,31.26,35.46,6278.1285584,6346.90239633
2013-11-08,6324.19,-3.75,24047.276674,-10.01,87.49,11.81,-9.42,6385.03789461,6453.81173255
2013-11-15,6329.4,5.21,23138.159543,-3.75,17.61,0.59,46.35,6448.37236283,6517.14620077
2013-11-22,6382.09,52.69,22166.3865444,5.21,0.13,65.13,-33.01,6384.86780304,6453.64164098
2013-11-29,6428.35,46.26,21502.5309085,52.69,-10.01,8.45,9.82,6534.51142853,6603.28526647
2013-12-06,6440.73,12.38,19748.7023978,46.26,-3.75,59.14,53.78,6570.45112532,6639.22496325
2013-12-13,6520.41,79.68,19191.2903757,12.38,5.21,-20.3,-7.15,6595.83855159,6664.61238952
2013-12-20,6553.88,33.47,19028.8300464,79.68,52.69,-64.43,18.1,6467.40420408,6536.17804202
2013-12-27,6566.83,12.95,18978.1561747,33.47,46.26,30.49,28.57,6481.3090786,6550.08291653
2014-01-03,6549.66,-17.17,18618.3313545,12.95,12.38,-39.03,4.7,6565.59301064,6634.36684857
2014-01-10,6577.57,27.91,16816.6073857,-17.17,79.68,87.49,-17.99,6490.95569475,6559.72953268
2014-01-17,6598.44,20.87,15720.1400051,27.91,33.47,17.61,-84.09,6456.9475716,6525.72140954
2014-01-24,6563.51,-34.93,13487.2452961,20.87,12.95,0.13,-34.69,6608.09415941,6676.86799734
2014-01-31,6575.5,11.99,13399.1046254,-34.93,-17.17,-10.01,-25.64,6609.74698635,6678.52082429
2014-02-07,6628.79,53.29,13112.5549402,11.99,27.91,-3.75,-40.24,6539.25562688,6608.02945764
2014-02-14,6684.38,55.59,12089.444103,53.29,20.87,5.21,8.14,6515.50508315,6584.27312929
2014-02-21,6581.53,-102.85,10648.7144741,55.59,-34.93,52.69,16.2,6527.75454993,6595.55819604
2014-02-28,6565.19,-16.34,8890.7736823,-102.85,11.99,46.26,44.54,6448.71924005,6516.52123576
2014-03-07,6606.84,41.65,6809.57207126,-16.34,53.29,12.38,20.34,6503.30284409,6571.10483692
2014-03-14,6523.56,-83.28,5493.52025517,41.65,55.59,79.68,-57.07,6610.96638967,6678.7683825
2014-03-21,6584.78,61.22,4552.08595816,-83.28,-102.85,33.47,-32.05,6536.16827554,6603.97026837
2014-03-28,6636.3,51.52,4121.61256276,61.22,-16.34,12.95,-5.73,6549.65089065,6617.45288348
2014-04-04,6606.33,-29.97,3733.60905333,51.52,41.65,-17.17,64.5,6529.77312516,6597.57511799
2014-04-11,6618.25,11.92,3536.13876368,-29.97,-83.28,27.91,-18.83,6559.5186514,6627.32064423
2014-04-18,6586.78,-31.47,3411.44456781,11.92,61.22,20.87,-38.58,6602.30073201,6670.10272484
2014-04-25,6646.73,59.95,3179.49215586,-31.47,51.52,-34.93,38.9,6664.1634052,6731.96539803
2014-05-02,6635.88,-10.85,3068.99712931,59.95,-29.97,11.99,13.42,6675.22213599,6743.02412882
2014-05-09,6729.86,93.98,3028.91053345,-10.85,11.92,53.29,29.45,6635.51949801,6703.32149083
2014-05-16,6723.45,-6.41,2852.11999552,93.98,-31.47,55.59,-24.13,6655.60522376,6723.40721658
2014-05-23,6683.33,-40.12,2670.96542069,-6.41,59.95,-102.85,18.57,6662.94026911,6730.74226194
2014-05-30,6686.01,2.68,2667.52229069,-40.12,-10.85,-16.34,-13.62,6607.20118446,6675.00317729
2014-06-06,6692.06,6.05,2689.68717747,2.68,93.98,41.65,28.37,6694.13411151,6761.93610434
2014-06-13,6674.08,-17.98,2649.8512069,6.05,-6.41,-83.28,17.2,6640.00462729,6707.80662011
2014-06-20,6697.49,23.41,3196.10285931,-17.98,-40.12,61.22,8.48,6765.20153432,6833.00352715
2014-06-27,6684.87,-12.62,3540.09900965,23.41,2.68,51.52,30.8,6621.068081,6688.87007383
2014-07-04,6758.83,73.96,3061.62098161,-12.62,6.05,-29.97,19.44,6665.64881309,6733.45080591
2014-07-11,6627.83,-131.0,3002.2918654,73.96,-17.98,11.92,45.82,6687.66487948,6755.46687231
2014-07-18,6630.28,2.45,2999.55062023,-131.0,23.41,-31.47,11.6,6692.56744167,6760.3694345
2014-07-25,6658.39,28.11,2966.46041896,2.45,-12.62,59.95,41.71,6673.74827908,6741.5502719
2014-08-01,6661.94,3.55,2963.81767138,28.11,73.96,-10.85,31.26,6659.42020805,6727.22220087
2014-08-08,6663.04,1.1,2879.09311506,3.55,-131.0,93.98,11.81,6701.74283855,6769.54483138
2014-08-15,6668.16,5.12,2879.82040644,1.1,2.45,-6.41,0.59,6651.119107,6718.92109983
2014-08-22,6683.27,15.11,2875.8281431,5.12,28.11,-40.12,65.13,6620.66832391,6688.47031674
2014-08-29,6647.17,-36.1,2646.23485471,15.11,3.55,2.68,8.45,6521.0851569,6588.88714973
2014-09-05,6631.4,-15.77,2578.00608552,-36.1,1.1,6.05,59.14,6588.52841244,6656.33040527
2014-09-12,6603.51,-27.89,2527.32120506,-15.77,5.12,-17.98,-20.3,6439.14737635,6506.94936917
2014-09-19,6591.09,-12.42,2497.45371552,-27.89,15.11,23.41,-64.43,6537.42657004,6605.22856286
2014-09-26,6496.31,-94.78,2487.28844827,-12.42,-36.1,-12.62,30.49,6628.08588413,6695.88787696
2014-10-03,6537.06,40.75,2505.87639368,-94.78,-15.77,73.96,-39.03,6554.79010407,6622.59209689
2014-10-10,6619.42,82.36,2553.10674034,40.75,-27.89,-131.0,87.49,6617.30350896,6685.10550178
2014-10-17,6601.07,-18.35,2590.78442299,82.36,-12.42,2.45,17.61,6582.44873779,6650.25073061
2014-10-24,6642.03,40.96,2187.70052931,-18.35,-94.78,28.11,0.13,6618.91499944,6686.71699226
2014-10-31,6620.96,-21.07,2215.02095414,40.96,40.75,3.55,-10.01,6587.32059221,6655.12258503
2014-11-07,6619.63,-1.33,2331.53936885,-21.07,82.36,1.1,-3.75,6658.62025824,6726.42225107
2014-11-14,6612.68,-6.95,2324.01776609,-1.33,-18.35,5.12,5.21,6645.06737096,6712.86936379
2014-11-21,6652.38,39.7,2408.98370816,-6.95,40.96,15.11,52.69,6644.71890205,6712.52089488
2014-11-28,6642.55,-9.83,2499.1350823,39.7,-21.07,-36.1,46.26,6717.13849218,6784.94048501
2014-12-05,6661.99,19.44,2840.69941896,-9.83,-1.33,-15.77,12.38,6648.3830021,6716.18499493
2014-12-12,6709.51,47.52,3168.27249655,19.44,-6.95,-27.89,79.68,6674.10710862,6741.90910145
2014-12-19,6649.35,-60.16,4389.88299368,47.52,39.7,-12.42,33.47,6636.70503451,6704.50702734
2014-12-26,,,,,,,,6533.50479664,6601.30678946
2015-01-02,,,,,,,,6666.38205086,6734.18404369
2015-01-09,6674.0,24.65,6250.15784609,-60.16,-9.83,-94.78,12.95,6643.51179966,6711.31379249
2015-01-16,6688.91,14.91,10763.7806828,24.65,19.44,40.75,-17.17,6620.39179892,6688.19379175
2015-01-23,6603.23,-85.68,16732.1508351,14.91,47.52,82.36,27.91,6663.7269009,6731.52889372
2015-01-30,6708.61,105.38,24443.2911637,-85.68,-60.16,-18.35,20.87,6603.24340365,6671.04539648
2015-02-06,6696.1,-12.51,35932.9606092,105.38,24.65,40.96,-34.93,6603.51775161,6671.31974158
2015-02-13,6688.08,-8.02,49278.2804368,-12.51,14.91,-21.07,11.99,6558.54854599,6626.34820833
2015-02-20,6671.21,-16.87,68224.0671748,-8.02,-85.68,-1.33,53.29,6488.64495808,6556.0503418
2015-02-27,6701.66,30.45,83333.1806102,-16.87,105.38,-6.95,55.59,6493.97332845,6561.378029
2015-03-06,6646.43,-55.23,98805.3823885,30.45,-12.51,39.7,-102.85,6470.71511838,6538.11981774
2015-03-13,6588.32,-58.11,121142.053659,-55.23,-8.02,-9.83,-16.34,6390.437072,6457.84177136
2015-03-20,6582.93,-5.39,146384.57812,-58.11,-16.87,19.44,41.65,6330.51040582,6397.91510518
2015-03-27,6530.99,-51.94,166282.314667,-5.39,30.45,47.52,-83.28,6171.29973638,6238.70443574
2015-04-03,6519.92,-11.07,192855.370568,-51.94,-55.23,-60.16,61.22,6149.16732887,6216.57202823
2015-04-10,6434.82,-85.1,217559.968402,-11.07,-58.11,24.65,51.52,6022.34852532,6089.75322468
2015-04-17,6384.02,-50.8,232006.427926,-85.1,-5.39,14.91,-29.97,5982.41699608,6049.82169544
2015-04-24,6244.84,-139.18,249766.173839,-50.8,-51.94,-85.68,11.92,5853.75887934,5921.1635787
2015-05-01,6177.74,-67.1,259551.232613,-139.18,-11.07,105.38,-31.47,5709.5645569,5776.96925626
2015-05-08,6100.0,-77.74,268786.064389,-67.1,-85.1,-12.51,59.95,5773.18256226,5840.58726162
2015-05-15,5986.62,-113.38,276296.873416,-77.74,-50.8,-8.02,-10.85,5743.03530596,5810.44000532
2015-05-22,5916.92,-69.7,273139.60184,-113.38,-139.18,-16.87,93.98,5560.67949582,5628.08419518
2015-05-29,5772.24,-144.68,268754.405733,-69.7,-67.1,30.45,-6.41,5464.25466922,5531.65936858
2015-06-05,5811.37,39.13,260545.538907,-144.68,-77.74,-55.23,-40.12,5527.30971616,5594.71441552
2015-06-12,5774.15,-37.22,248651.932363,39.13,-113.38,-58.11,2.68,5364.10248866,5431.50718803
2015-06-19,5604.92,-169.23,231985.430245,-37.22,-69.7,-5.39,6.05,5288.81212475,5356.21682411
2015-06-26,5513.69,-91.23,214153.106327,-169.23,-144.68,-51.94,-17.98,5424.59772972,5492.00242909
2015-07-03,5545.32,31.63,195027.85743,-91.23,39.13,-11.07,23.41,5355.82692545,5423.23162481
2015-07-10,5384.84,-160.48,172608.570423,31.63,-37.22,-85.1,-12.62,5408.72411142,5476.12881078
2015-07-17,5347.39,-37.45,149002.7715,-160.48,-169.23,-50.8,73.96,5327.41445857,5394.81915793
2015-07-24,5430.78,83.39,122584.678296,-37.45,-91.23,-139.18,-131.0,5341.58155895,5408.98625831
2015-07-31,5339.17,-91.61,99298.0062947,83.39,31.63,-67.1,2.45,5384.98989606,5452.39459542
2015-08-07,5398.9,59.73,76897.1939776,-91.61,-160.48,-77.74,28.11,5327.51227478,5394.91697414
2015-08-14,5322.49,-76.41,60599.421372,59.73,-37.45,-113.38,3.55,5331.23104455,5398.63574391
2015-08-21,5343.7,21.21,46804.5610116,-76.41,83.39,-69.7,1.1,5330.7922406,5398.19693996
2015-08-28,5395.2,51.5,38776.6765283,21.21,-91.61,-144.68,5.12,5257.57824524,5324.9829446
2015-09-04,5343.11,-52.09,35447.4606878,51.5,59.73,39.13,15.11,5289.63877803,5357.04347739
2015-09-11,5344.42,1.31,38991.7887013,-52.09,-76.41,-37.22,-36.1,5341.65280702,5409.05750638
2015-09-18,5358.27,13.85,49108.2274259,1.31,21.21,-169.23,-15.77,5396.64530843,5464.05000779
2015-09-25,5327.18,-31.09,58756.2202507,13.85,51.5,-91.23,-27.89,5433.83259956,5501.23729892
2015-10-02,5335.85,8.67,69279.2332671,-31.09,-52.09,31.63,-12.42,5515.35128706,5582.75598642
2015-10-09,5370.54,34.69,84930.5978869,8.67,1.31,-160.48,-94.78,5468.79970654,5536.2044059
2015-10-16,5380.53,9.99,96661.4350947,34.69,13.85,-37.45,40.75,5537.03768252,5604.44238188
2015-10-23,5447.17,66.64,104850.812996,9.99,-31.09,83.39,82.36,5608.85139884,5676.2560982
2015-10-30,5537.93,90.76,109143.095692,66.64,8.67,-91.61,-18.35,5637.21163164,5704.61633101
2015-11-06,5507.24,-30.69,110671.401292,90.76,34.69,59.73,40.96,5835.4048431,5902.80954246
2015-11-13,5570.53,63.29,112985.485729,-30.69,9.99,-76.41,-21.07,5867.70261373,5935.10731309
2015-11-20,5621.57,51.04,111367.57701,63.29,66.64,21.21,-1.33,6028.89088336,6096.29558272
2015-11-27,5649.93,28.36,109616.414101,51.04,90.76,51.5,-6.95,6092.55048321,6159.95518257
2015-12-04,5840.45,190.52,105578.568434,28.36,-30.69,-52.09,39.7,6130.59699651,6198.00169587
2015-12-11,5869.64,29.19,101893.500023,190.52,63.29,1.31,-9.83,6136.34425817,6203.74895753
2015-12-18,6029.21,159.57,98746.5026944,29.19,51.04,13.85,19.44,6164.82213735,6232.22683671
2015-12-25,6119.26,90.05,92878.9326161,159.57,28.36,-31.09,47.52,6152.55028027,6219.95497963
2016-01-01,,,,,,,,6043.67143293,6111.0761323
2016-01-08,6131.35,12.09,85969.4941978,90.05,190.52,8.67,-60.16,6000.95743914,6068.3621385
2016-01-15,6143.46,12.11,78591.0639237,12.09,29.19,34.69,24.65,5949.35018307,6016.75488243
2016-01-22,6237.4,93.94,69512.6411816,12.11,159.57,9.99,14.91,6013.15996202,6080.56466138
2016-01-29,6171.31,-66.09,61551.0459834,93.94,90.05,66.64,-85.68,5861.38068632,5928.78538568
2016-02-05,6094.81,-76.5,53855.5784231,-66.09,12.09,90.76,105.38,5855.96237108,5923.36706924
2016-02-12,6050.57,-44.24,47644.1763793,-76.5,12.11,-30.69,-12.51,5907.91086168,5975.31458147
2016-02-19,6012.07,-38.5,44105.0958938,-44.24,93.94,63.29,-8.02,5891.35917232,5958.59607491
2016-02-26,6018.01,5.94,44661.3419954,-38.5,-66.09,51.04,-16.87,5944.84455847,6012.08117056
2016-03-04,5960.04,-57.97,42651.2674695,5.94,-76.5,28.36,30.45,5874.22438946,5941.46100103
2016-03-11,5915.49,-44.55,43262.0358455,-57.97,-44.24,190.52,-55.23,5862.81738727,5930.05399884
2016-03-18,5937.54,22.05,47027.7019895,-44.55,-38.5,29.19,-58.11,5786.50768846,5853.74430003
2016-03-25,5980.68,43.14,46761.5415895,22.05,5.94,159.57,-5.39,5732.26848948,5799.50510105
2016-04-01,5982.31,1.63,50180.8730148,43.14,-57.97,90.05,-51.94,5598.2043105,5665.44092207
2016-04-08,5948.54,-33.77,51136.7697747,1.63,-44.55,12.09,-11.07,5621.41233842,5688.64895
2016-04-15,5918.69,-29.85,,-33.77,22.05,12.11,-85.1,5582.71394194,5649.95055352
2016-04-22,5880.92,-37.77,,-29.85,43.14,93.94,-50.8,5486.50503978,5553.74165136
2016-04-29,5812.26,-68.66,,-37.77,1.63,-66.09,-139.18,5479.33933727,5546.57594885
2016-05-06,5659.17,-153.09,,-68.66,-33.77,-76.5,-67.1,5546.57307695,5613.80968853
2016-05-13,5717.25,58.08,,-153.09,-29.85,-44.24,-77.74,5452.29790908,5519.53452065
2016-05-20,5620.8,-96.45,,58.08,-37.77,-38.5,-113.38,5393.06485212,5460.3014637
2016-05-27,5588.05,-32.75,,-96.45,-68.66,5.94,-69.7,5646.67034611,5713.90695769
2016-06-03,5515.35,-72.7,,-32.75,-153.09,-57.97,-144.68,5473.70412973,5540.9407413
2016-06-10,5594.49,79.14,,-72.7,58.08,-44.55,39.13,5676.83643419,5744.07304577
2016-06-17,5543.6,-50.89,,79.14,-96.45,22.05,-37.22,5675.98529464,5773.07841464
2016-06-24,5461.56,-82.04,,-50.89,-32.75,43.14,-169.23,5647.88961942,5767.6117386
2016-07-01,5667.33,205.77,,-82.04,-72.7,1.63,-91.23,5695.25781218,5833.96504953
2016-07-08,5559.13,-108.2,,205.77,79.14,-33.77,31.63,5688.55891835,5843.94878149
2016-07-15,5702.05,142.92,,-108.2,-50.89,-29.85,-160.48,5716.88271311,5887.33012857
2016-07-22,,,,,,,,5748.93865898,5933.21734279
2016-07-29,,,,,,,,5739.22244777,5936.36438948
2016-08-05,,,,,,,,5747.52222668,5956.73804122
2016-08-12,,,,,,,,5760.47382451,5981.10376111
2016-08-19,,,,,,,,5748.5026806,5979.98460386
2016-08-26,,,,,,,,5723.90763475,5965.75509219
2016-09-02,,,,,,,,5721.59582413,5973.38244915
2016-09-09,,,,,,,,5722.13915245,5983.48722765
2016-09-16,,,,,,,,5773.04258304,6043.61443723
2016-09-23,,,,,,,,5812.92227026,6092.41366575
2016-09-30,,,,,,,,5803.29125219,6091.42620673
2016-10-07,,,,,,,,5819.10945014,6115.63611656
2016-10-14,,,,,,,,5831.02633146,6135.71367247
2016-10-21,,,,,,,,5849.21008043,6161.84515146
2016-10-28,,,,,,,,5924.96147381,6245.3471781
2016-11-04,,,,,,,,5945.3961427,6273.34935794
2016-11-11,,,,,,,,6017.80772886,6353.15772999
2016-11-18,,,,,,,,6063.7552165,6406.34233699
2016-11-25,,,,,,,,6067.42811253,6417.10259973
2016-12-02,,,,,,,,6089.53205435,6446.15308411
2016-12-09,,,,,,,,6136.65766195,6500.09248519
2016-12-16,,,,,,,,6083.15531531,6453.27851455
2016-12-23,,,,,,,,6063.81671301,6440.50955139
2016-12-30,,,,,,,,6036.34258126,6419.49242969
2017-01-06,,,,,,,,6010.147717,6399.64754785
2017-01-13,,,,,,,,5990.75563201,6386.50356959
2017-01-20,,,,,,,,5985.44410103,6387.34302112
2017-01-27,,,,,,,,5926.90883375,6334.86600533
2017-02-03,,,,,,,,5914.15910033,6328.08586396
2017-02-10,,,,,,,,5927.53489443,6347.34630173
2017-02-17,,,,,,,,5887.58352131,6313.18592721
2017-02-24,,,,,,,,5869.02030054,6300.33596094
2017-03-03,,,,,,,,5830.05338194,6267.00760139
2017-03-10,,,,,,,,5799.38381111,6241.90474947
2017-03-17,,,,,,,,5733.56183803,6181.58033305
2017-03-24,,,,,,,,5647.99745943,6101.4468644
2017-03-31,,,,,,,,5650.2633303,6109.07936518
2017-04-07,,,,,,,,5571.28107483,6035.40168939
2017-04-14,,,,,,,,5555.40524402,6024.77049182
2017-04-21,,,,,,,,5484.01924617,5958.57116834
2017-04-28,,,,,,,,5507.22483104,5986.90734878
2017-05-05,,,,,,,,5475.57254473,5960.33135983
2017-05-12,,,,,,,,5408.00564588,5897.78814844
2017-05-19,,,,,,,,5454.04909967,5948.80428236
2017-05-26,,,,,,,,5416.29358693,5915.97196529
2017-06-02,,,,,,,,5432.32035209,5936.87388793
2017-06-09,,,,,,,,5431.12857382,5944.20065821
